最多导出排序后前1000条笔记,最多导出排序后前1000条笔记,最多导出排序后前1000条笔记,最多导出排序后前1000条笔记,最多导出排序后前1000条笔记,最多导出排序后前1000条笔记,最多导出排序后前1000条笔记,最多导出排序后前1000条笔记,最多导出排序后前1000条笔记,最多导出排序后前1000条笔记,最多导出排序后前1000条笔记,最多导出排序后前1000条笔记,最多导出排序后前1000条笔记
笔记标题,首次发布时间,体裁,曝光,观看量,封面点击率,点赞,评论,收藏,涨粉,分享,人均观看时长,弹幕
每次喂食都如此迫不及待吗..,2026年07月20日14时31分40秒,图文,473,116,0.19,7,2,0,0,0,11,0
人有大拇指就是为这个,2026年07月16日21时12分11秒,图文,4369,1007,0.223,103,16,1,0,9,10,0
高敏感的内耗人可以尝试养牡丹鹦鹉,2026年07月12日20时33分14秒,图文,35698,8259,0.23,622,158,65,4,146,36,0
今天叽要变成一个酸丝丝的大芒果,2026年07月07日22时21分52秒,视频,17667,7853,0.158,497,19,213,40,53,8,0
两粒鸡.jpg,2026年07月04日19时54分45秒,图文,1363,188,0.139,24,2,1,0,0,3,0
装杯者何人,2026年06月29日15时54分33秒,图文,2458,438,0.181,59,7,3,0,7,10,0
??一直等到芒果熟透….,2026年06月19日17时47分41秒,图文,2258,396,0.176,56,2,2,0,6,8,0
小鸡师傅一对一监督教学,2026年06月15日22时15分45秒,视频,3453,1400,0.153,210,16,15,1,5,12,0
球….在进食………,2026年06月12日11时30分53秒,视频,22363,3820,0.144,620,30,64,25,30,3,0
这是世界第一完美之物你敢和它对视吗,2026年06月06日18时04分40秒,图文,49292,9589,0.193,1042,205,85,9,75,20,0
料理鸟王？袋鼠宝宝！,2026年06月03日14时51分23秒,视频,33524,8799,0.152,851,65,51,11,149,8,0
儿童节 这只小鸟1岁了??,2026年06月01日19时56分06秒,视频,3486,777,0.18,77,16,2,0,0,36,0
急吗急的急的那很急了,2026年05月30日15时54分02秒,视频,9829,2866,0.174,167,21,11,1,44,26,0
小米粥呀咪呀咪,2026年05月29日17时56分04秒,图文,2162,356,0.165,29,4,3,0,2,13,0
为什么偷感这么重…,2026年05月28日18时12分53秒,图文,1690,236,0.139,23,6,0,0,3,9,0
1分钟学会转圈圈&翻跟头！,2026年05月27日13时47分24秒,视频,2245,443,0.124,25,5,9,2,1,27,0
绿鸡底盘低,2026年05月22日19时55分50秒,图文,9745,2037,0.211,293,7,15,0,12,9,0
囔囔囔手机壳,2026年05月21日15时22分01秒,图文,2315,280,0.119,15,1,0,0,0,7,0
ASMR | 免疫向 小鸟助眠2,2026年05月20日17时21分26秒,视频,2131,378,0.112,58,0,5,2,2,6,0
自李唐来 世人甚爱牡丹,2026年05月18日15时13分49秒,图文,133379,28337,0.211,4910,362,558,20,821,19,0
小鹦鹉突然发出打快板的声音是什么情况,2026年05月17日20时05分23秒,视频,3775,763,0.154,21,8,5,1,1,9,0
会呼吸的青团…？,2026年05月16日22时07分09秒,图文,3241,569,0.174,63,3,7,1,4,9,0
找不到鸟的3h,2026年05月12日13时37分09秒,图文,362001,83623,0.226,5126,1039,380,18,1852,19,0
芒果怎么会咬人。。,2026年05月10日17时47分20秒,图文,2631,296,0.113,35,0,2,0,1,4,0
你的马杀鸡技术已让鸡厌倦！,2026年05月09日13时41分50秒,图文,7207,1519,0.209,81,17,6,0,5,27,0
牡丹鹦鹉和文学间只缺一个白居易,2026年05月07日20时41分31秒,图文,2500,444,0.179,44,2,4,1,3,17,0
：所以鹉们现在是什么关系,2026年05月06日19时35分15秒,图文,2092,306,0.151,24,0,1,0,0,18,0
牡丹鹦鹉其实是很自律的动物,2026年05月05日18时12分51秒,图文,25895,5770,0.222,589,74,44,0,64,31,0
方头chick,2026年05月05日15时14分30秒,图文,2277,366,0.159,33,12,3,0,1,4,0
ASMR｜免疫向 小鸟助眠,2026年05月04日19时07分36秒,视频,2034,831,0.112,154,7,16,3,15,2,0
：(^^),2026年05月03日15时23分50秒,图文,3384,601,0.175,82,12,5,2,0,16,0
陪鸡玩耍教程,2026年05月03日12时47分32秒,图文,656,108,0.165,5,0,0,1,0,6,0
坏了坏了这下好了,2026年05月02日18时20分40秒,图文,1561,226,0.14,8,5,0,0,1,6,0
沉浸式当牡丹鹦鹉,2026年05月02日16时40分03秒,图文,1828,259,0.144,30,2,7,0,1,38,0
怎么会有牡丹这么完美的动物,2026年05月01日18时16分26秒,图文,17109,3099,0.178,232,97,20,2,9,8,0
人类，豆让你喝了吗,2026年04月30日12时26分00秒,视频,1586,524,0.101,51,0,19,12,1,3,0
换毛季小鸡讨厌你,2026年04月30日00时02分20秒,图文,1711,241,0.14,16,0,0,0,1,8,0
雷霆巨屁撕毁小鸡缠绵梦,2026年04月28日18时43分57秒,视频,2679,559,0.153,29,5,4,0,0,23,0
我感冒了吗,2026年04月28日15时36分02秒,图文,510,97,0.186,4,2,0,0,0,10,0
图中几个球？,2026年04月28日15时08分33秒,图文,1119,156,0.137,16,0,0,0,0,5,0
如何确定小鸡给人起的名字是什么,2026年04月27日10时56分50秒,图文,18098,3893,0.214,200,27,12,0,12,7,0
大脚土豆??,2026年04月26日12时22分39秒,图文,2538,435,0.165,51,5,0,0,6,9,0
铁齿钢牙保龄鸡,2026年04月25日17时35分58秒,图文,422,50,0.123,4,0,0,0,0,1,0
袖筒有什么？,2026年04月25日17时00分03秒,图文,1162,187,0.15,28,8,0,0,2,10,0
